{"cameraMode":{"drawMode":0,"name":"Shaded","section":"Shading Mode"},"sceneLighting":false,"audioPlay":false,"sceneViewState":{"showFog":true,"showMaterialUpdate":false,"showSkybox":true,"showFlares":true,"showImageEffects":true,"showParticleSystems":true},"in2DMode":false,"pivot":{"x":25.272733688354493,"y":11.618700981140137,"z":43.82793426513672},"rotation":{"x":-0.22427214682102204,"y":0.251557320356369,"z":-0.06004717946052551,"w":-0.9395825266838074},"size":64.28807830810547,"orthographic":false}